{"frames": {

"background1.png":
{
	"frame": {"x":0,"y":0,"w":500,"h":500},
	"rotated": false,
	"trimmed": false,
	"spriteSourceSize": {"x":0,"y":0,"w":500,"h":500},
	"sourceSize": {"w":500,"h":500},
	"anchor": {"x":0,"y":0}
},
"background2.png":
{
	"frame": {"x":500,"y":0,"w":500,"h":500},
	"rotated": false,
	"trimmed": false,
	"spriteSourceSize": {"x":0,"y":0,"w":500,"h":500},
	"sourceSize": {"w":500,"h":500},
	"anchor": {"x":0,"y":0}
},
"background3.png":
{
	"frame": {"x":0,"y":500,"w":500,"h":500},
	"rotated": false,
	"trimmed": false,
	"spriteSourceSize": {"x":0,"y":0,"w":500,"h":500},
	"sourceSize": {"w":500,"h":500},
	"anchor": {"x":0,"y":0}
},
"background4.png":
{
	"frame": {"x":500,"y":500,"w":500,"h":500},
	"rotated": false,
	"trimmed": false,
	"spriteSourceSize": {"x":0,"y":0,"w":500,"h":500},
	"sourceSize": {"w":500,"h":500},
	"anchor": {"x":0,"y":0}
},
"walkTest1.png":
{
	"frame": {"x":0,"y":1000,"w":300,"h":500},
	"rotated": false,
	"trimmed": false,
	"spriteSourceSize": {"x":0,"y":0,"w":300,"h":500},
	"sourceSize": {"w":300,"h":500},
	"anchor": {"x":0.5,"y":0.5}
},
"walkTest2.png":
{
	"frame": {"x":300,"y":1000,"w":300,"h":500},
	"rotated": false,
	"trimmed": false,
	"spriteSourceSize": {"x":0,"y":0,"w":300,"h":500},
	"sourceSize": {"w":300,"h":500},
	"anchor": {"x":0.5,"y":0.5}
}},
"animations": {
	"background": ["background1.png","background2.png","background3.png","background4.png"],
	"walkTest": ["walkTest1.png","walkTest2.png"]
},
"meta": {
	"app": "https://www.codeandweb.com/texturepacker",
	"version": "1.0",
	"image": "spritesheet-mypng8.png",
	"format": "RGBA8888",
	"size": {"w":1000,"h":1500},
	"scale": "1",
	"smartupdate": "$TexturePacker:SmartUpdate:1bcc8d8db84dbd58210b6b46ec3b7fa9:ed5bd9ecf1a52158870c8e412613bffb:b354f3dce7fbb95a98755b9110a65210$"
}
}
